phase,epoch,train_loss,val_accuracy,val_macro_f1,learning_rate,epoch_time_sec
frozen_backbone,1,0.5245751902461052,0.7584,0.7564093381367476,0.0005,56.60601709999901
frozen_backbone,2,0.44530924877950123,0.786,0.7856218369203274,0.0,38.18240230000083
last_three_blocks_trainable,1,0.37340802358729497,0.8028,0.8008560684609172,6.828427124746191e-05,36.373977499999455
last_three_blocks_trainable,2,0.31486828167523656,0.8312,0.8309610194508588,4e-05,37.631457199997385
last_three_blocks_trainable,3,0.2760759163115706,0.8308,0.8302129715363085,1.1715728752538103e-05,37.816364400001476
last_three_blocks_trainable,4,0.26138512811490466,0.838,0.8377455590759204,0.0,30.687293700000737
