experiment_id,modality,preprocessing_choice,accuracy,macro_f1,precision,recall,training_time_sec,inference_time_sec,delta_macro_f1,result
T00,text,raw_empty_string,0.7496,0.7474998451117261,0.7581899165583151,0.7496,1.130542400002014,0.1622349000099348,0.0,neutral
T01,text,missing_token_only,0.748,0.7461046816039865,0.7556331654180773,0.748,1.2930561999964993,0.14158820000011474,-0.0013951635077396052,neutral
T02,text,conservative_normalization,0.748,0.7461046816039865,0.7556331654180773,0.748,1.1460589000053005,0.1329150999954436,-0.0013951635077396052,neutral
T03,text,aggressive_alphanumeric_normalization,0.748,0.7461046816039865,0.7556331654180773,0.748,1.0913947000080952,0.13690160000987817,-0.0013951635077396052,neutral
I00,image,raw_numeric_features,0.6744,0.6733461362385783,0.6766800489646874,0.6744,0.1471282999991672,0.0087682000012137,0.0,neutral
I01,image,standardized_numeric_features,0.6736,0.6727421130849254,0.6754396177259663,0.6736,0.0590739999897778,0.008740100005525164,-0.0006040231536529328,neutral
I02,image,quantile_clip_plus_robust_scaling,0.6736,0.6727687803450814,0.6753819932963667,0.6736,0.06912309999461286,0.007113300001947209,-0.0005773558934969447,neutral
I03,image,robust_scaling_without_metadata_shortcuts,0.6664,0.6654098272263005,0.6683933461312277,0.6664,0.046302400005515665,0.005279300006804988,-0.00793630901227782,harmed
