epoch,train_loss,val_accuracy,val_macro_f1,epoch_time_sec
1,0.5419279253908567,0.7604,0.7534751768846473,54.38117900000361
2,0.4558644805635725,0.742,0.7299066909273271,34.313542399992
3,0.414205314218998,0.7636,0.7582766326388879,29.32311199999822
4,0.38348485146250044,0.69,0.6620466039041423,35.39277060001041
5,0.34302196236593385,0.8292,0.827780108997848,35.71505489999254
6,0.31717572350587164,0.8008,0.7960379261332919,35.85092660000373
