{
  "team_name": "Ded_Sec",
  "root": "C:\\Users\\mohd1\\OneDrive\\Desktop\\ai olpyc\\AI_Olympics_2026_Student_Release_v1",
  "naive_rows": {
    "train": 10000,
    "validation": 2500
  },
  "corrected_rows": {
    "train": 9999,
    "validation": 2501
  },
  "corrected_label_counts": {
    "train": {
      "real": 5000,
      "fake": 4999
    },
    "validation": {
      "fake": 1251,
      "real": 1250
    }
  },
  "initial_metrics": {
    "accuracy": 0.7908,
    "macro_f1": 0.7879665202784278,
    "precision": 0.8072220768516659,
    "recall": 0.7908,
    "classification_report": "              precision    recall  f1-score   support\n\n        fake     0.8783    0.6752    0.7635      1250\n        real     0.7362    0.9064    0.8125      1250\n\n    accuracy                         0.7908      2500\n   macro avg     0.8072    0.7908    0.7880      2500\nweighted avg     0.8072    0.7908    0.7880      2500\n",
    "confusion_matrix": [
      [
        844,
        406
      ],
      [
        117,
        1133
      ]
    ]
  },
  "corrected_metrics": {
    "accuracy": 0.7620951619352259,
    "macro_f1": 0.7591621384324689,
    "precision": 0.7756142346725404,
    "recall": 0.7621394084732214,
    "classification_report": "              precision    recall  f1-score   support\n\n        fake     0.8368    0.6515    0.7326      1251\n        real     0.7145    0.8728    0.7857      1250\n\n    accuracy                         0.7621      2501\n   macro avg     0.7756    0.7621    0.7592      2501\nweighted avg     0.7756    0.7621    0.7592      2501\n",
    "confusion_matrix": [
      [
        815,
        436
      ],
      [
        159,
        1091
      ]
    ]
  },
  "evidence_counts": {
    "exact_normalized_text": 600,
    "near_text_cosine": 353,
    "perceptual_image_hash_distance": 602
  },
  "evidence_rows": 1555,
  "relation_edges": 1702,
  "relation_groups": 11700,
  "related_groups": 780,
  "crossed_edges_after_correction": 0,
  "elapsed_seconds": 62.53
}