epoch,train_loss,val_accuracy,val_macro_f1,epoch_time_sec,experiment_id
1,0.586530060001782,0.686,0.6625524720159279,61.106687799998326,I02
2,0.5092770259295191,0.7272,0.7134307366292328,29.68662100000074,I02
3,0.4663051613739559,0.772,0.7660711577064533,32.41038500000286,I02
4,0.4374544273529734,0.8328,0.8323876467931346,35.41172560000268,I02
5,0.4025862491556576,0.8308,0.8304777449740859,33.842142599998624,I02
6,0.38206180951425006,0.8156,0.8126634927554819,33.25101269999868,I02
