epoch,train_loss,val_accuracy,val_macro_f1,epoch_time_sec,experiment_id
1,0.5486712772931371,0.7612,0.7561146589551511,58.46819339999638,I03
2,0.459034574670451,0.6624,0.6261990860124761,32.913209000005736,I03
3,0.4171196757682732,0.8008,0.7993844567266634,35.71965850000561,I03
4,0.3807982610804694,0.8396,0.8393964574943701,36.87629810000362,I03
5,0.3370399221777916,0.8496,0.8493187927036954,34.12674919999699,I03
6,0.3120181826608522,0.7992,0.7938701753302512,35.37217320000491,I03
