epoch,train_loss,val_accuracy,val_macro_f1,val_precision,val_recall,learning_rate,epoch_time_sec
1,0.5686396420001983,0.7364,0.7278546805113062,0.7703566182202246,0.7363999999999999,0.000288581929876693,57.904104799999914
2,0.4860275338803019,0.7952,0.7946949166461361,0.7981338276699217,0.7952,0.0002560660171779821,39.34424240000226
3,0.4351400824529784,0.7828,0.7793859176546358,0.8014608614259039,0.7827999999999999,0.00020740251485476348,37.465230200003134
4,0.40670476130076816,0.8124,0.8112037567956584,0.8205235540899298,0.8124,0.00015,40.569189599998936
5,0.3689491765839713,0.816,0.8151452315506904,0.8219548774126239,0.8160000000000001,9.259748514523653e-05,39.28735990000132
6,0.3421088435820171,0.798,0.7936983296019284,0.8251164833446099,0.798,4.3933982822017876e-05,40.338593300002685
7,0.3205772374357496,0.838,0.8377944271451867,0.8397222013162406,0.8380000000000001,1.1418070123306989e-05,41.79004630000418
8,0.30026756631476537,0.8428,0.8422090032892797,0.8480138601291282,0.8428,0.0,42.273618300001544
