epoch,train_loss,val_accuracy,val_macro_f1,epoch_time_sec,experiment_id
1,0.586530060001782,0.686,0.6625524720159279,99.7190522000019,I02
2,0.5092770259295191,0.7272,0.7134307366292328,50.735958599994774,I02
3,0.4663051613739559,0.772,0.7660711577064533,56.77379619999556,I02
4,0.4374544273529734,0.8328,0.8323876467931346,55.75877230000333,I02
5,0.4025862491556576,0.8308,0.8304777449740859,57.89127000000735,I02
6,0.38206180951425006,0.8156,0.8126634927554819,48.33246360000339,I02
