epoch,train_loss,val_accuracy,val_macro_f1,epoch_time_sec,experiment_id
1,0.5419279253908567,0.7604,0.7534751768846473,52.07266869999876,I05
2,0.4558644805635725,0.742,0.7299066909273271,37.398888499999885,I05
3,0.414205314218998,0.7636,0.7582766326388879,35.7097206999897,I05
4,0.38348485146250044,0.69,0.6620466039041423,36.56298089999473,I05
5,0.34302196236593385,0.8292,0.827780108997848,34.744508500007214,I05
6,0.31717572350587164,0.8008,0.7960379261332919,37.03527910000412,I05
